"Accession.New","Accession.Number","P3","P4","P5","Accession.Number.uni","ProteinID","MouseGeneName"
"1433B_MOUSE","1433B_MOUSE",10,4,8,"1433B_MOUSE","Q9CQV8","Ywhab"
"1433E_MOUSE","1433E_MOUSE",9,7,10,"1433E_MOUSE","P62259","Ywhae"
"1433F_MOUSE","1433F_MOUSE",3,0,5,"1433F_MOUSE","P68510","Ywhah"
"1433G_MOUSE","1433G_MOUSE",8,6,6,"1433G_MOUSE","P61982","Ywhag"
"1433S_MOUSE","1433S_MOUSE",3,0,3,"1433S_MOUSE","O70456","Sfn"
"1433T_MOUSE","1433T_MOUSE",8,5,10,"1433T_MOUSE","P68254","Ywhaq"
"1433Z_MOUSE","1433Z_MOUSE",10,11,9,"1433Z_MOUSE","P63101","Ywhaz"
"2AAA_MOUSE","2AAA_MOUSE",5,3,13,"2AAA_MOUSE","Q76MZ3","Ppp2r1a"
"4F2_MOUSE","4F2_MOUSE",3,3,4,"4F2_MOUSE","P10852","Slc3a2"
"6PGD_MOUSE","6PGD_MOUSE",4,2,6,"6PGD_MOUSE","Q9DCD0","Pgd"
"AATC_MOUSE","AATC_MOUSE",8,0,10,"AATC_MOUSE","P05201","Got1"
"AATM_MOUSE","AATM_MOUSE",1,0,8,"AATM_MOUSE","P05202","Got2"
"ABCE1_MOUSE","ABCE1_MOUSE",5,0,2,"ABCE1_MOUSE","P61222","Abce1"
"ABCF1_MOUSE","ABCF1_MOUSE",1,2,7,"ABCF1_MOUSE","Q6P542","Abcf1"
"ABRAL_MOUSE","ABRAL_MOUSE",2,0,1,"ABRAL_MOUSE","Q4KML4","Abracl"
"ACBP_MOUSE","ACBP_MOUSE",5,2,4,"ACBP_MOUSE","P31786","Dbi"
"ACLY_MOUSE","ACLY_MOUSE",0,3,13,"ACLY_MOUSE","Q91V92","Acly"
"ACTB_MOUSE","ACTB_MOUSE",32,24,43,"ACTB_MOUSE","P60710","Actb"
"ACTBL_MOUSE","ACTBL_MOUSE",0,8,13,"ACTBL_MOUSE","Q8BFZ3","Actbl2"
"ACTC_MOUSE","ACTC_MOUSE",16,13,18,"ACTC_MOUSE","P68033","Actc1"
"ACTG_MOUSE","ACTG_MOUSE",32,24,43,"ACTG_MOUSE","P63260","Actg1"
"ACTN1_MOUSE","ACTN1_MOUSE",0,6,13,"ACTN1_MOUSE","Q7TPR4","Actn1"
"ACTN4_MOUSE","ACTN4_MOUSE",7,8,16,"ACTN4_MOUSE","P57780","Actn4"
"ACTZ_MOUSE","ACTZ_MOUSE",2,0,6,"ACTZ_MOUSE","P61164","Actr1a"
"ADA_MOUSE","ADA_MOUSE",14,8,19,"ADA_MOUSE","P03958","Ada"
"ADHX_MOUSE","ADHX_MOUSE",4,0,7,"ADHX_MOUSE","P28474","Adh5"
"ADT1_MOUSE","ADT1_MOUSE",2,1,4,"ADT1_MOUSE","P48962","Slc25a4"
"ADT2_MOUSE","ADT2_MOUSE",2,0,3,"ADT2_MOUSE","P51881","Slc25a5"
"AGM1_MOUSE","AGM1_MOUSE",3,0,3,"AGM1_MOUSE","Q9CYR6","Pgm3"
"AHSA1_MOUSE","AHSA1_MOUSE",2,0,4,"AHSA1_MOUSE","Q8BK64","Ahsa1"
"AIMP1_MOUSE","AIMP1_MOUSE",3,0,5,"AIMP1_MOUSE","P31230","Aimp1"
"AIMP2_MOUSE","AIMP2_MOUSE",5,2,5,"AIMP2_MOUSE","Q8R010","Aimp2"
"AK1A1_MOUSE","AK1A1_MOUSE",3,0,4,"AK1A1_MOUSE","Q9JII6","Akr1a1"
"AL7A1_MOUSE","AL7A1_MOUSE",1,0,6,"AL7A1_MOUSE","Q9DBF1","Aldh7a1"
"AL9A1_MOUSE","AL9A1_MOUSE",6,0,11,"AL9A1_MOUSE","Q9JLJ2","Aldh9a1"
"ALBU_MOUSE","ALBU_MOUSE",9,0,19,"ALBU_MOUSE","P07724","Alb"
"ALDOA_MOUSE","ALDOA_MOUSE",11,1,18,"ALDOA_MOUSE","P05064","Aldoa"
"ALG5_MOUSE","ALG5_MOUSE",0,1,1,"ALG5_MOUSE","Q9DB25","Alg5"
"AMRP_MOUSE","AMRP_MOUSE",4,0,2,"AMRP_MOUSE","P55302","Lrpap1"
"ANX11_MOUSE","ANX11_MOUSE",7,5,12,"ANX11_MOUSE","P97384","Anxa11"
"ANXA2_MOUSE","ANXA2_MOUSE",14,11,21,"ANXA2_MOUSE","P07356","Anxa2"
"ANXA4_MOUSE","ANXA4_MOUSE",13,6,13,"ANXA4_MOUSE","P97429","Anxa4"
"ANXA5_MOUSE","ANXA5_MOUSE",15,9,17,"ANXA5_MOUSE","P48036","Anxa5"
"ANXA6_MOUSE","ANXA6_MOUSE",4,0,8,"ANXA6_MOUSE","P14824","Anxa6"
"ANXA7_MOUSE","ANXA7_MOUSE",5,0,8,"ANXA7_MOUSE","Q07076","Anxa7"
"AP1B1_MOUSE","AP1B1_MOUSE",1,1,0,"AP1B1_MOUSE","O35643","Ap1b1"
"APT_MOUSE","APT_MOUSE",9,3,10,"APT_MOUSE","P08030","Aprt"
"ARC1B_MOUSE","ARC1B_MOUSE",2,0,10,"ARC1B_MOUSE","Q9WV32","Arpc1b"
"ARF1_MOUSE","ARF1_MOUSE",7,3,7,"ARF1_MOUSE","P84078","Arf1"
"ARF4_MOUSE","ARF4_MOUSE",6,1,6,"ARF4_MOUSE","P61750","Arf4"
"ARHG6_MOUSE","ARHG6_MOUSE",6,8,12,"ARHG6_MOUSE","Q8K4I3","Arhgef6"
"ARL1_MOUSE","ARL1_MOUSE",1,1,1,"ARL1_MOUSE","P61211","Arl1"
"ARP2_MOUSE","ARP2_MOUSE",6,0,10,"ARP2_MOUSE","P61161","Actr2"
"ARP3_MOUSE","ARP3_MOUSE",9,3,17,"ARP3_MOUSE","Q99JY9","Actr3"
"ARPC2_MOUSE","ARPC2_MOUSE",5,1,7,"ARPC2_MOUSE","Q9CVB6","Arpc2"
"ARPC3_MOUSE","ARPC3_MOUSE",3,0,2,"ARPC3_MOUSE","Q9JM76","Arpc3"
"ARPC4_MOUSE","ARPC4_MOUSE",1,1,7,"ARPC4_MOUSE","P59999","Arpc4"
"ARPC5_MOUSE","ARPC5_MOUSE",2,0,3,"ARPC5_MOUSE","Q9CPW4","Arpc5"
"ASAP2_MOUSE","ASAP2_MOUSE",1,1,0,"ASAP2_MOUSE","Q7SIG6","Asap2"
"ASNS_MOUSE","ASNS_MOUSE",0,2,9,"ASNS_MOUSE","Q61024","Asns"
"ASSY_MOUSE","ASSY_MOUSE",3,0,8,"ASSY_MOUSE","P16460","Ass1"
"AT1A1_MOUSE","AT1A1_MOUSE",4,5,5,"AT1A1_MOUSE","Q8VDN2","Atp1a1"
"AT2A2_MOUSE","AT2A2_MOUSE",4,5,6,"AT2A2_MOUSE","O55143","Atp2a2"
"ATX10_MOUSE","ATX10_MOUSE",17,11,23,"ATX10_MOUSE","P28658","Atxn10"
"B3AT_MOUSE","B3AT_MOUSE",9,6,0,"B3AT_MOUSE","P04919","Slc4a1"
"BAP31_MOUSE","BAP31_MOUSE",1,1,3,"BAP31_MOUSE","Q61335","Bcap31"
"BAX_MOUSE","BAX_MOUSE",0,1,1,"BAX_MOUSE","Q07813","Bax"
"BIN2_MOUSE","BIN2_MOUSE",2,0,2,"BIN2_MOUSE","D3Z6Q9","Bin2"
"BIP_MOUSE","BIP_MOUSE",51,39,36,"GRP78_MOUSE","P20029","Hspa5"
"BZW1_MOUSE","BZW1_MOUSE",3,1,3,"BZW1_MOUSE","Q9CQC6","Bzw1"
"C1QT1_MOUSE","C1QT1_MOUSE",2,1,0,"C1QT1_MOUSE","Q9QXP7","C1qtnf1"
"CALM1_MOUSE","CALM1_MOUSE",11,1,4,"CALM1_MOUSE","P0DP26","Calm1"
"CALM2_MOUSE","CALM2_MOUSE",11,1,4,"CALM2_MOUSE","P0DP27","Calm2"
"CALM3_MOUSE","CALM3_MOUSE",11,1,4,"CALM3_MOUSE","P0DP28","Calm3"
"CALR_MOUSE","CALR_MOUSE",43,29,28,"CALR_MOUSE","P14211","Calr"
"CALU_MOUSE","CALU_MOUSE",10,3,12,"CALU_MOUSE","O35887","Calu"
"CALX_MOUSE","CALX_MOUSE",14,16,16,"CALX_MOUSE","P35564","Canx"
"CAN1_MOUSE","CAN1_MOUSE",7,6,7,"CAN1_MOUSE","O35350","Capn1"
"CAND1_MOUSE","CAND1_MOUSE",17,6,17,"CAND1_MOUSE","Q6ZQ38","Cand1"
"CAP1_MOUSE","CAP1_MOUSE",10,9,16,"CAP1_MOUSE","P40124","Cap1"
"CAPG_MOUSE","CAPG_MOUSE",5,2,7,"CAPG_MOUSE","P24452","Capg"
"CAPZB_MOUSE","CAPZB_MOUSE",5,3,8,"CAPZB_MOUSE","P47757","Capzb"
"CATB_MOUSE","CATB_MOUSE",3,0,7,"CATB_MOUSE","P10605","Ctsb"
"CATD_MOUSE","CATD_MOUSE",1,0,3,"CATD_MOUSE","P18242","Ctsd"
"CATM_MOUSE","CATM_MOUSE",1,1,3,"CATM_MOUSE","Q9JL96","Ctsm"
"CAZA1_MOUSE","CAZA1_MOUSE",2,2,9,"CAZA1_MOUSE","P47753","Capza1"
"CAZA2_MOUSE","CAZA2_MOUSE",0,1,7,"CAZA2_MOUSE","P47754","Capza2"
"CCDC6_MOUSE","CCDC6_MOUSE",0,1,1,"CCDC6_MOUSE","D3YZP9","Ccdc6"
"CDC37_MOUSE","CDC37_MOUSE",2,3,4,"CDC37_MOUSE","Q61081","Cdc37"
"CDC42_MOUSE","CDC42_MOUSE",6,3,4,"CDC42_MOUSE","P60766","Cdc42"
"CEAM5_MOUSE","CEAM5_MOUSE",18,12,23,"CEAM5_MOUSE","Q3UKK2","Ceacam5"
"CH10_MOUSE","CH10_MOUSE",2,0,2,"CH10_MOUSE","Q64433","Hspe1"
"CH60_MOUSE","CH60_MOUSE",11,2,13,"CH60_MOUSE","P63038","Hspd1"
"CISY_MOUSE","CISY_MOUSE",1,0,4,"CISY_MOUSE","Q9CZU6","Cs"
"CKAP4_MOUSE","CKAP4_MOUSE",9,10,13,"CKAP4_MOUSE","Q8BMK4","Ckap4"
"CLH1_MOUSE","CLH1_MOUSE",9,5,30,"CLH1_MOUSE","Q68FD5","Cltc"
"CLIC4_MOUSE","CLIC4_MOUSE",7,1,11,"CLIC4_MOUSE","Q9QYB1","Clic4"
"CMTR2_MOUSE","CMTR2_MOUSE",0,1,1,"CMTR2_MOUSE","Q8BWQ4","Cmtr2"
"CNDP2_MOUSE","CNDP2_MOUSE",7,1,13,"CNDP2_MOUSE","Q9D1A2","Cndp2"
"CNPY2_MOUSE","CNPY2_MOUSE",3,0,2,"CNPY2_MOUSE","Q9QXT0","Cnpy2"
"COF1_MOUSE","COF1_MOUSE",8,2,8,"COF1_MOUSE","P18760","Cfl1"
"COPA_MOUSE","COPA_MOUSE",9,5,24,"COPA_MOUSE","Q8CIE6","Copa"
"COPB_MOUSE","COPB_MOUSE",3,3,12,"COPB_MOUSE","Q9JIF7","Copb1"
"COPB2_MOUSE","COPB2_MOUSE",5,3,14,"COPB2_MOUSE","O55029","Copb2"
"COPG1_MOUSE","COPG1_MOUSE",9,8,16,"COPG1_MOUSE","Q9QZE5","Copg1"
"COPZ1_MOUSE","COPZ1_MOUSE",2,1,2,"COPZ1_MOUSE","P61924","Copz1"
"CPNS1_MOUSE","CPNS1_MOUSE",5,1,2,"CPNS1_MOUSE","O88456","Capns1"
"CREG1_MOUSE","CREG1_MOUSE",2,0,3,"CREG1_MOUSE","O88668","Creg1"
"CREL2_MOUSE","CREL2_MOUSE",9,2,6,"CREL2_MOUSE","Q9CYA0","Creld2"
"CSN3_MOUSE","CSN3_MOUSE",1,0,3,"CSN3_MOUSE","O88543","Cops3"
"CSRP1_MOUSE","CSRP1_MOUSE",3,0,2,"CSRP1_MOUSE","P97315","Csrp1"
"CUL7_MOUSE","CUL7_MOUSE",1,0,2,"CUL7_MOUSE","Q8VE73","Cul7"
"CYB5_MOUSE","CYB5_MOUSE",1,0,2,"CYB5_MOUSE","P56395","Cyb5a"
"CYTB_MOUSE","CYTB_MOUSE",3,0,4,"CYTB_MOUSE","Q62426","Cstb"
"DAD1_MOUSE","DAD1_MOUSE",2,0,2,"DAD1_MOUSE","P61804","Dad1"
"DAPK2_MOUSE","DAPK2_MOUSE",3,1,4,"DAPK2_MOUSE","Q8VDF3","Dapk2"
"DC1I2_MOUSE","DC1I2_MOUSE",3,2,5,"DC1I2_MOUSE","O88487","Dync1i2"
"DCTN2_MOUSE","DCTN2_MOUSE",1,0,3,"DCTN2_MOUSE","Q99KJ8","Dctn2"
"DDB1_MOUSE","DDB1_MOUSE",3,3,31,"DDB1_MOUSE","Q3U1J4","Ddb1"
"DDX3X_MOUSE","DDX3X_MOUSE",6,4,8,"DDX3X_MOUSE","Q62167","Ddx3x"
"DEGS1_MOUSE","DEGS1_MOUSE",1,1,2,"DEGS1_MOUSE","O09005","Degs1"
"DESP_MOUSE","DESP_MOUSE",0,5,2,"DESP_MOUSE","E9Q557","Dsp"
"DEST_MOUSE","DEST_MOUSE",5,1,5,"DEST_MOUSE","Q9R0P5","Dstn"
"DIAP1_MOUSE","DIAP1_MOUSE",2,2,0,"DIAP1_MOUSE","O08808","Diaph1"
"DJB11_MOUSE","DJB11_MOUSE",9,9,8,"DJB11_MOUSE","Q99KV1","Dnajb11"
"DNJA1_MOUSE","DNJA1_MOUSE",2,0,3,"DNJA1_MOUSE","P63037","Dnaja1"
"DNJB1_MOUSE","DNJB1_MOUSE",4,0,6,"DNJB1_MOUSE","Q9QYJ3","Dnajb1"
"DNJC3_MOUSE","DNJC3_MOUSE",15,10,16,"DNJC3_MOUSE","Q91YW3","Dnajc3"
"DNPEP_MOUSE","DNPEP_MOUSE",7,2,15,"DNPEP_MOUSE","Q9Z2W0","Dnpep"
"DOPD_MOUSE","DOPD_MOUSE",1,0,1,"DOPD_MOUSE","O35215","Ddt"
"DPP3_MOUSE","DPP3_MOUSE",7,4,15,"DPP3_MOUSE","Q99KK7","Dpp3"
"DUS6_MOUSE","DUS6_MOUSE",1,0,1,"DUS6_MOUSE","Q9DBB1","Dusp6"
"DUS7_MOUSE","DUS7_MOUSE",1,0,1,"DUS7_MOUSE","Q91Z46","Dusp7"
"DYHC1_MOUSE","DYHC1_MOUSE",31,26,53,"DYHC1_MOUSE","Q9JHU4","Dync1h1"
"DYL1_MOUSE","DYL1_MOUSE",1,0,2,"DYL1_MOUSE","P63168","Dynll1"
"DYN2_MOUSE","DYN2_MOUSE",5,6,7,"DYN2_MOUSE","P39054","Dnm2"
"E41L1_MOUSE","E41L1_MOUSE",3,2,0,"E41L1_MOUSE","Q9Z2H5","Epb41l1"
"E41L2_MOUSE","E41L2_MOUSE",1,2,2,"E41L2_MOUSE","O70318","Epb41l2"
"ECHA_MOUSE","ECHA_MOUSE",1,0,2,"ECHA_MOUSE","Q8BMS1","Hadha"
"ECM29_MOUSE","ECM29_MOUSE",2,1,0,"ECM29_MOUSE","Q6PDI5","Ecpas"
"EF1A1_MOUSE","EF1A1_MOUSE",22,18,27,"EF1A1_MOUSE","P10126","Eef1a1"
"EF1D_MOUSE","EF1D_MOUSE",5,1,9,"EF1D_MOUSE","P57776","Eef1d"
"EF1G_MOUSE","EF1G_MOUSE",12,9,19,"EF1G_MOUSE","Q9D8N0","Eef1g"
"EF2_MOUSE","EF2_MOUSE",29,30,35,"EF2_MOUSE","P58252","Eef2"
"EFHD2_MOUSE","EFHD2_MOUSE",5,0,6,"EFHD2_MOUSE","Q9D8Y0","Efhd2"
"EI3JA_MOUSE","EI3JA_MOUSE",8,1,6,"EI3JA_MOUSE","Q3UGC7","Eif3j1"
"EI3JB_MOUSE","EI3JB_MOUSE",8,1,6,"EI3JB_MOUSE","Q66JS6","Eif3j2"
"EIF3A_MOUSE","EIF3A_MOUSE",7,3,10,"EIF3A_MOUSE","P23116","Eif3a"
"EIF3B_MOUSE","EIF3B_MOUSE",5,4,16,"EIF3B_MOUSE","Q8JZQ9","Eif3b"
"EIF3C_MOUSE","EIF3C_MOUSE",4,5,7,"EIF3C_MOUSE","Q8R1B4","Eif3c"
"EIF3D_MOUSE","EIF3D_MOUSE",2,1,4,"EIF3D_MOUSE","O70194","Eif3d"
"EIF3E_MOUSE","EIF3E_MOUSE",9,3,9,"EIF3E_MOUSE","P60229","Eif3e"
"EIF3F_MOUSE","EIF3F_MOUSE",4,0,6,"EIF3F_MOUSE","Q9DCH4","Eif3f"
"EIF3G_MOUSE","EIF3G_MOUSE",1,0,4,"EIF3G_MOUSE","Q9Z1D1","Eif3g"
"EIF3K_MOUSE","EIF3K_MOUSE",2,0,4,"EIF3K_MOUSE","Q9DBZ5","Eif3k"
"EIF3L_MOUSE","EIF3L_MOUSE",4,2,11,"EIF3L_MOUSE","Q8QZY1","Eif3l"
"EIF3M_MOUSE","EIF3M_MOUSE",3,2,9,"EIF3M_MOUSE","Q99JX4","Eif3m"
"ELOC_MOUSE","ELOC_MOUSE",1,0,2,"ELOC_MOUSE","P83940","Eloc"
"ELP1_MOUSE","ELP1_MOUSE",2,2,5,"ELP1_MOUSE","Q7TT37","Elp1"
"ELP2_MOUSE","ELP2_MOUSE",1,0,2,"ELP2_MOUSE","Q91WG4","Elp2"
"ELP3_MOUSE","ELP3_MOUSE",2,1,4,"ELP3_MOUSE","Q9CZX0","Elp3"
"ENOA_MOUSE","ENOA_MOUSE",12,6,15,"ENOA_MOUSE","P17182","Eno1"
"ENPL_MOUSE","ENPL_MOUSE",46,52,41,"ENPL_MOUSE","P08113","Hsp90b1"
"ERF1_MOUSE","ERF1_MOUSE",1,0,4,"ERF1_MOUSE","Q8BWY3","Etf1"
"ERF3A_MOUSE","ERF3A_MOUSE",1,1,0,"ERF3A_MOUSE","Q8R050","Gspt1"
"ERP29_MOUSE","ERP29_MOUSE",12,1,9,"ERP29_MOUSE","P57759","Erp29"
"ERP44_MOUSE","ERP44_MOUSE",14,3,13,"ERP44_MOUSE","Q9D1Q6","Erp44"
"ES8L2_MOUSE","ES8L2_MOUSE",4,0,2,"ES8L2_MOUSE","Q99K30","Eps8l2"
"ESTD_MOUSE","ESTD_MOUSE",2,0,5,"ESTD_MOUSE","Q9R0P3","Esd"
"EZRI_MOUSE","EZRI_MOUSE",11,5,12,"EZRI_MOUSE","P26040","Ezr"
"F10A1_MOUSE","F10A1_MOUSE",4,1,5,"F10A1_MOUSE","Q99L47","St13"
"FA49B_MOUSE","FA49B_MOUSE",1,0,1,"FA49B_MOUSE","Q921M7","Fam49b"
"FABP5_MOUSE","FABP5_MOUSE",5,0,6,"FABP5_MOUSE","Q05816","Fabp5"
"FAS_MOUSE","FAS_MOUSE",3,1,22,"FAS_MOUSE","P19096","Fasn"
"FBLN7_MOUSE","FBLN7_MOUSE",4,4,0,"FBLN7_MOUSE","Q501P1","Fbln7"
"FBN1_MOUSE","FBN1_MOUSE",2,6,36,"FBN1_MOUSE","Q61554","Fbn1"
"FBXW8_MOUSE","FBXW8_MOUSE",1,0,1,"FBXW8_MOUSE","Q8BIA4","Fbxw8"
"FERM2_MOUSE","FERM2_MOUSE",10,6,14,"FERM2_MOUSE","Q8CIB5","Fermt2"
"FILA2_MOUSE","FILA2_MOUSE",2,1,0,"FILA2_MOUSE","Q2VIS4","Flg2"
"FKBP2_MOUSE","FKBP2_MOUSE",4,0,3,"FKBP2_MOUSE","P45878","Fkbp2"
"FKBP4_MOUSE","FKBP4_MOUSE",1,0,5,"FKBP4_MOUSE","P30416","Fkbp4"
"FLNA_MOUSE","FLNA_MOUSE",5,0,8,"FLNA_MOUSE","Q8BTM8","Flna"
"FLNB_MOUSE","FLNB_MOUSE",15,9,48,"FLNB_MOUSE","Q80X90","Flnb"
"FNTA_MOUSE","FNTA_MOUSE",2,0,2,"FNTA_MOUSE","Q61239","Fnta"
"FOXO4_MOUSE","FOXO4_MOUSE",7,0,8,"FOXO4_MOUSE","Q9WVH3","Foxo4"
"FRIH_MOUSE","FRIH_MOUSE",2,0,4,"FRIH_MOUSE","P09528","Fth1"
"FRIL1_MOUSE","FRIL1_MOUSE",4,0,7,"FRIL1_MOUSE","P29391","Ftl1"
"FSCN1_MOUSE","FSCN1_MOUSE",8,3,13,"FSCN1_MOUSE","Q61553","Fscn1"
"G3P_MOUSE","G3P_MOUSE",16,11,21,"G3P_MOUSE","P16858","Gapdh"
"GALE_MOUSE","GALE_MOUSE",3,0,10,"GALE_MOUSE","Q8R059","Gale"
"GALK1_MOUSE","GALK1_MOUSE",4,1,10,"GALK1_MOUSE","Q9R0N0","Galk1"
"GANAB_MOUSE","GANAB_MOUSE",22,13,28,"GANAB_MOUSE","Q8BHN3","Ganab"
"GBB1_MOUSE","GBB1_MOUSE",6,0,7,"GBB1_MOUSE","P62874","Gnb1"
"GBB2_MOUSE","GBB2_MOUSE",4,0,5,"GBB2_MOUSE","P62880","Gnb2"
"GBB4_MOUSE","GBB4_MOUSE",5,0,7,"GBB4_MOUSE","P29387","Gnb4"
"GDIA_MOUSE","GDIA_MOUSE",4,0,8,"GDIA_MOUSE","P50396","Gdi1"
"GDIB_MOUSE","GDIB_MOUSE",10,6,21,"GDIB_MOUSE","Q61598","Gdi2"
"GDIR1_MOUSE","GDIR1_MOUSE",9,5,9,"GDIR1_MOUSE","Q99PT1","Arhgdia"
"GELS_MOUSE","GELS_MOUSE",21,19,26,"GELS_MOUSE","P13020","Gsn"
"GFPT1_MOUSE","GFPT1_MOUSE",22,24,25,"GFPT1_MOUSE","P47856","Gfpt1"
"GIT2_MOUSE","GIT2_MOUSE",1,2,3,"GIT2_MOUSE","Q9JLQ2","Git2"
"GLCNE_MOUSE","GLCNE_MOUSE",9,9,12,"GLCNE_MOUSE","Q91WG8","Gne"
"GLRX3_MOUSE","GLRX3_MOUSE",3,0,7,"GLRX3_MOUSE","Q9CQM9","Glrx3"
"GLU2B_MOUSE","GLU2B_MOUSE",7,8,9,"GLU2B_MOUSE","O08795","Prkcsh"
"GMPPA_MOUSE","GMPPA_MOUSE",2,0,3,"GMPPA_MOUSE","Q922H4","Gmppa"
"GMPPB_MOUSE","GMPPB_MOUSE",8,5,11,"GMPPB_MOUSE","Q8BTZ7","Gmppb"
"GNAI2_MOUSE","GNAI2_MOUSE",3,3,9,"GNAI2_MOUSE","P08752","Gnai2"
"GNAI3_MOUSE","GNAI3_MOUSE",5,2,6,"GNAI3_MOUSE","Q9DC51","Gnai3"
"GNAS1_MOUSE","GNAS1_MOUSE",3,1,0,"GNAS1_MOUSE","Q6R0H7","Gnas"
"GNPI1_MOUSE","GNPI1_MOUSE",2,0,2,"GNPI1_MOUSE","O88958","Gnpda1"
"GPX1_MOUSE","GPX1_MOUSE",5,0,4,"GPX1_MOUSE","P11352","Gpx1"
"GPX4_MOUSE","GPX4_MOUSE",1,0,2,"GPX41_MOUSE","O70325","Gpx4"
"GRP75_MOUSE","GRP75_MOUSE",1,1,1,"GRP75_MOUSE","P38647","Hspa9"
"GSTP1_MOUSE","GSTP1_MOUSE",3,0,4,"GSTP1_MOUSE","P19157","Gstp1"
"GTR1_MOUSE","GTR1_MOUSE",4,2,5,"GTR1_MOUSE","P17809","Slc2a1"
"H2AX_MOUSE","H2AX_MOUSE",6,0,3,"H2AX_MOUSE","P27661","H2ax"
"H2B1B_MOUSE","H2B1B_MOUSE",3,0,3,"H2B1B_MOUSE","Q64475","Hist1h2bb"
"H2B1C_MOUSE","H2B1C_MOUSE",3,0,3,"H2B1C_MOUSE","Q6ZWY9","Hist1h2bc"
"H2B1F_MOUSE","H2B1F_MOUSE",3,0,3,"H2B1F_MOUSE","P10853","Hist1h2bf"
"H2B1H_MOUSE","H2B1H_MOUSE",3,0,3,"H2B1H_MOUSE","Q64478","Hist1h2bh"
"H2B1K_MOUSE","H2B1K_MOUSE",3,0,3,"H2B1K_MOUSE","Q8CGP1","Hist1h2bk"
"H2B1M_MOUSE","H2B1M_MOUSE",3,0,3,"H2B1M_MOUSE","P10854","H2bc14"
"H2B1P_MOUSE","H2B1P_MOUSE",3,0,3,"H2B1P_MOUSE","Q8CGP2","Hist1h2bp"
"H2B2B_MOUSE","H2B2B_MOUSE",3,0,3,"H2B2B_MOUSE","Q64525","Hist2h2bb"
"H4_MOUSE","H4_MOUSE",4,1,6,"H4_MOUSE","P62806","Hist1h4a"
"HBBZ_MOUSE","HBBZ_MOUSE",6,0,9,"HBBZ_MOUSE","P04444","Hbb-bh1"
"HBE_MOUSE","HBE_MOUSE",7,4,11,"HBE_MOUSE","P02104","Hbb-y"
"HDAC6_MOUSE","HDAC6_MOUSE",0,1,4,"HDAC6_MOUSE","Q9Z2V5","Hdac6"
"HEM2_MOUSE","HEM2_MOUSE",8,1,10,"HEM2_MOUSE","P10518","Alad"
"HMGN5_MOUSE","HMGN5_MOUSE",1,0,1,"HMGN5_MOUSE","Q9JL35","Hmgn5"
"HNRPK_MOUSE","HNRPK_MOUSE",1,0,5,"HNRPK_MOUSE","P61979","Hnrnpk"
"HS105_MOUSE","HS105_MOUSE",3,4,17,"HS105_MOUSE","Q61699","Hsph1"
"HS71A_MOUSE","HS71A_MOUSE",5,3,6,"HS71A_MOUSE","Q61696","Hspa1a"
"HS71B_MOUSE","HS71B_MOUSE",5,3,6,"HS71B_MOUSE","P17879","Hspa1b"
"HS90A_MOUSE","HS90A_MOUSE",36,35,36,"HS90A_MOUSE","P07901","Hsp90aa1"
"HS90B_MOUSE","HS90B_MOUSE",36,37,41,"HS90B_MOUSE","P11499","Hsp90ab1"
"HSP74_MOUSE","HSP74_MOUSE",14,13,22,"HSP74_MOUSE","Q61316","Hspa4"
"HSP7C_MOUSE","HSP7C_MOUSE",30,32,33,"HSP7C_MOUSE","P63017","Hspa8"
"HYOU1_MOUSE","HYOU1_MOUSE",32,37,30,"HYOU1_MOUSE","Q9JKR6","Hyou1"
"IDHC_MOUSE","IDHC_MOUSE",2,0,13,"IDHC_MOUSE","O88844","Idh1"
"IF2A_MOUSE","IF2A_MOUSE",4,2,6,"IF2A_MOUSE","Q6ZWX6","Eif2s1"
"IF2B_MOUSE","IF2B_MOUSE",4,1,5,"IF2B_MOUSE","Q99L45","Eif2s2"
"IF2B1_MOUSE","IF2B1_MOUSE",2,1,3,"IF2B1_MOUSE","O88477","Igf2bp1"
"IF2G_MOUSE","IF2G_MOUSE",6,3,8,"IF2G_MOUSE","Q9Z0N1","Eif2s3x"
"IF2P_MOUSE","IF2P_MOUSE",1,0,1,"IF2P_MOUSE","Q05D44","Eif5b"
"IF4A1_MOUSE","IF4A1_MOUSE",13,11,16,"IF4A1_MOUSE","P60843","Eif4a1"
"IF4A2_MOUSE","IF4A2_MOUSE",6,6,10,"IF4A2_MOUSE","P10630","Eif4a2"
"IF4G1_MOUSE","IF4G1_MOUSE",2,1,1,"IF4G1_MOUSE","Q6NZJ6","Eif4g1"
"IF5_MOUSE","IF5_MOUSE",1,0,3,"IF5_MOUSE","P59325","Eif5"
"IF5A1_MOUSE","IF5A1_MOUSE",6,1,7,"IF5A1_MOUSE","P63242","Eif5a"
"ILEUA_MOUSE","ILEUA_MOUSE",2,0,3,"ILEUA_MOUSE","Q9D154","Serpinb1a"
"IMA4_MOUSE","IMA4_MOUSE",7,3,9,"IMA4_MOUSE","O35344","Kpna3"
"IMB1_MOUSE","IMB1_MOUSE",13,13,16,"IMB1_MOUSE","P70168","Kpnb1"
"INF2_MOUSE","INF2_MOUSE",0,1,1,"INF2_MOUSE","Q0GNC1","Inf2"
"IPO5_MOUSE","IPO5_MOUSE",2,2,16,"IPO5_MOUSE","Q8BKC5","Ipo5"
"IPO9_MOUSE","IPO9_MOUSE",3,1,5,"IPO9_MOUSE","Q91YE6","Ipo9"
"IPYR_MOUSE","IPYR_MOUSE",1,0,5,"IPYR_MOUSE","Q9D819","Ppa1"
"IQGA1_MOUSE","IQGA1_MOUSE",32,28,51,"IQGA1_MOUSE","Q9JKF1","Iqgap1"
"ITAV_MOUSE","ITAV_MOUSE",12,6,15,"ITAV_MOUSE","P43406","Itgav"
"ITB1_MOUSE","ITB1_MOUSE",1,0,6,"ITB1_MOUSE","P09055","Itgb1"
"ITB3_MOUSE","ITB3_MOUSE",9,4,9,"ITB3_MOUSE","O54890","Itgb3"
"K1C10_MOUSE","K1C10_MOUSE",5,4,11,"K1C10_MOUSE","P02535","Krt10"
"K1C13_MOUSE","K1C13_MOUSE",4,0,6,"K1C13_MOUSE","P08730","Krt13"
"K1C14_MOUSE","K1C14_MOUSE",2,9,6,"K1C14_MOUSE","Q61781","Krt14"
"K1C18_MOUSE","K1C18_MOUSE",6,1,11,"K1C18_MOUSE","P05784","Krt18"
"K1C42_MOUSE","K1C42_MOUSE",2,6,6,"K1C42_MOUSE","Q6IFX2","Krt42"
"K22E_MOUSE","K22E_MOUSE",1,4,5,"K22E_MOUSE","Q3TTY5","Krt2"
"K22O_MOUSE","K22O_MOUSE",3,4,5,"K22O_MOUSE","Q3UV17","Krt76"
"K2C1_MOUSE","K2C1_MOUSE",3,4,7,"K2C1_MOUSE","P04104","Krt1"
"K2C1B_MOUSE","K2C1B_MOUSE",3,4,4,"K2C1B_MOUSE","Q6IFZ6","Krt77"
"K2C5_MOUSE","K2C5_MOUSE",3,7,5,"K2C5_MOUSE","Q922U2","Krt5"
"K2C6A_MOUSE","K2C6A_MOUSE",3,0,4,"K2C6A_MOUSE","P50446","Krt6a"
"K2C72_MOUSE","K2C72_MOUSE",1,0,2,"K2C72_MOUSE","Q6IME9","Krt72"
"K2C73_MOUSE","K2C73_MOUSE",0,4,4,"K2C73_MOUSE","Q6NXH9","Krt73"
"K2C75_MOUSE","K2C75_MOUSE",3,6,0,"K2C75_MOUSE","Q8BGZ7","Krt75"
"K2C79_MOUSE","K2C79_MOUSE",0,3,1,"K2C79_MOUSE","Q8VED5","Krt79"
"K2C8_MOUSE","K2C8_MOUSE",4,4,8,"K2C8_MOUSE","P11679","Krt8"
"KAP0_MOUSE","KAP0_MOUSE",2,0,1,"KAP0_MOUSE","Q9DBC7","Prkar1a"
"KCY_MOUSE","KCY_MOUSE",2,0,4,"KCY_MOUSE","Q9DBP5","Cmpk1"
"KINH_MOUSE","KINH_MOUSE",2,1,2,"KINH_MOUSE","Q61768","Kif5b"
"KPYM_MOUSE","KPYM_MOUSE",24,27,30,"KPYM_MOUSE","P52480","Pkm"
"LAMC1_MOUSE","LAMC1_MOUSE",3,0,18,"LAMC1_MOUSE","P02468","Lamc1"
"LASP1_MOUSE","LASP1_MOUSE",3,2,4,"LASP1_MOUSE","Q61792","Lasp1"
"LDHA_MOUSE","LDHA_MOUSE",19,14,22,"LDHA_MOUSE","P06151","Ldha"
"LDHB_MOUSE","LDHB_MOUSE",6,1,9,"LDHB_MOUSE","P16125","Ldhb"
"LEG1_MOUSE","LEG1_MOUSE",6,6,6,"LEG1_MOUSE","P16045","Lgals1"
"LEG3_MOUSE","LEG3_MOUSE",5,0,6,"LEG3_MOUSE","P16110","Lgals3"
"LEG9_MOUSE","LEG9_MOUSE",7,2,6,"LEG9_MOUSE","O08573","Lgals9"
"LG3BP_MOUSE","LG3BP_MOUSE",9,3,8,"LG3BP_MOUSE","Q07797","Lgals3bp"
"LIS1_MOUSE","LIS1_MOUSE",4,1,6,"LIS1_MOUSE","P63005","Pafah1b1"
"LMAN1_MOUSE","LMAN1_MOUSE",3,2,6,"LMAN1_MOUSE","Q9D0F3","Lman1"
"LMAN2_MOUSE","LMAN2_MOUSE",7,3,9,"LMAN2_MOUSE","Q9DBH5","Lman2"
"LRC59_MOUSE","LRC59_MOUSE",2,1,5,"LRC59_MOUSE","Q922Q8","Lrrc59"
"LRRF1_MOUSE","LRRF1_MOUSE",1,1,0,"LRRF1_MOUSE","Q3UZ39","Lrrfip1"
"LYZ1_MOUSE","LYZ1_MOUSE",0,1,1,"LYZ1_MOUSE","P17897","Lyz1"
"LYZ2_MOUSE","LYZ2_MOUSE",0,1,1,"LYZ2_MOUSE","P08905","Lyz2"
"MAGD1_MOUSE","MAGD1_MOUSE",1,2,1,"MAGD1_MOUSE","Q9QYH6","Maged1"
"MANF_MOUSE","MANF_MOUSE",9,1,10,"MANF_MOUSE","Q9CXI5","Manf"
"MAOX_MOUSE","MAOX_MOUSE",3,0,14,"MAOX_MOUSE","P06801","Me1"
"MAP4_MOUSE","MAP4_MOUSE",1,0,1,"MAP4_MOUSE","P27546","Map4"
"MARE1_MOUSE","MARE1_MOUSE",1,0,2,"MARE1_MOUSE","Q61166","Mapre1"
"MCFD2_MOUSE","MCFD2_MOUSE",1,0,1,"MCFD2_MOUSE","Q8K5B2","Mcfd2"
"MDHC_MOUSE","MDHC_MOUSE",8,1,8,"MDHC_MOUSE","P14152","Mdh1"
"MDHM_MOUSE","MDHM_MOUSE",4,0,8,"MDHM_MOUSE","P08249","Mdh2"
"MESD_MOUSE","MESD_MOUSE",2,0,2,"MESD_MOUSE","Q9ERE7","Mesd"
"MIF_MOUSE","MIF_MOUSE",4,0,2,"MIF_MOUSE","P34884","Mif"
"MK01_MOUSE","MK01_MOUSE",9,3,13,"MK01_MOUSE","P63085","Mapk1"
"ML12B_MOUSE","ML12B_MOUSE",2,0,5,"ML12B_MOUSE","Q3THE2","Myl12b"
"MLEC_MOUSE","MLEC_MOUSE",3,1,4,"MLEC_MOUSE","Q6ZQI3","Mlec"
"MORC3_MOUSE","MORC3_MOUSE",1,1,1,"MORC3_MOUSE","F7BJB9","Morc3"
"MP2K1_MOUSE","MP2K1_MOUSE",1,0,3,"MP2K1_MOUSE","P31938","Map2k1"
"MPCP_MOUSE","MPCP_MOUSE",2,1,4,"MPCP_MOUSE","Q8VEM8","Slc25a3"
"MTAP_MOUSE","MTAP_MOUSE",2,0,1,"MTAP_MOUSE","Q9CQ65","Mtap"
"MTPN_MOUSE","MTPN_MOUSE",1,0,2,"MTPN_MOUSE","P62774","Mtpn"
"MVP_MOUSE","MVP_MOUSE",5,6,20,"MVP_MOUSE","Q9EQK5","Mvp"
"MYH9_MOUSE","MYH9_MOUSE",22,20,43,"MYH9_MOUSE","Q8VDD5","Myh9"
"MYL6_MOUSE","MYL6_MOUSE",5,1,8,"MYL6_MOUSE","Q60605","Myl6"
"NACA_MOUSE","NACA_MOUSE",2,1,0,"NACA_MOUSE","Q60817","Naca"
"NACAM_MOUSE","NACAM_MOUSE",2,1,4,"NACAM_MOUSE","P70670","Naca"
"NB5R3_MOUSE","NB5R3_MOUSE",8,4,6,"NB5R3_MOUSE","Q9DCN2","Cyb5r3"
"NCEH1_MOUSE","NCEH1_MOUSE",2,1,0,"NCEH1_MOUSE","Q8BLF1","Nceh1"
"NCPR_MOUSE","NCPR_MOUSE",13,12,17,"NCPR_MOUSE","P37040","Por"
"NDKA_MOUSE","NDKA_MOUSE",8,1,11,"NDKA_MOUSE","P15532","Nme1"
"NDKB_MOUSE","NDKB_MOUSE",9,1,10,"NDKB_MOUSE","Q01768","Nme2"
"NDRG1_MOUSE","NDRG1_MOUSE",3,0,2,"NDRG1_MOUSE","Q62433","Ndrg1"
"NEDD4_MOUSE","NEDD4_MOUSE",2,0,3,"NEDD4_MOUSE","P46935","Nedd4"
"NP1L1_MOUSE","NP1L1_MOUSE",4,0,6,"NP1L1_MOUSE","P28656","Nap1l1"
"NP1L4_MOUSE","NP1L4_MOUSE",6,0,8,"NP1L4_MOUSE","Q78ZA7","Nap1l4"
"NPC2_MOUSE","NPC2_MOUSE",1,0,2,"NPC2_MOUSE","Q9Z0J0","Npc2"
"NSF1C_MOUSE","NSF1C_MOUSE",3,0,6,"NSF1C_MOUSE","Q9CZ44","Nsfl1c"
"NUB1_MOUSE","NUB1_MOUSE",6,5,4,"NUB1_MOUSE","P54729","Nub1"
"NUCB2_MOUSE","NUCB2_MOUSE",5,0,1,"NUCB2_MOUSE","P81117","Nucb2"
"NUDC_MOUSE","NUDC_MOUSE",2,0,3,"NUDC_MOUSE","O35685","Nudc"
"OBSL1_MOUSE","OBSL1_MOUSE",1,1,3,"OBSL1_MOUSE","D3YYU8","Obsl1"
"ODPAT_MOUSE","ODPAT_MOUSE",1,1,1,"ODPAT_MOUSE","P35487","Pdha2"
"OLA1_MOUSE","OLA1_MOUSE",2,0,5,"OLA1_MOUSE","Q9CZ30","Ola1"
"OSBP1_MOUSE","OSBP1_MOUSE",3,0,3,"OSBP1_MOUSE","Q3B7Z2","Osbp"
"OST48_MOUSE","OST48_MOUSE",10,6,11,"OST48_MOUSE","O54734","Ddost"
"OSTC_MOUSE","OSTC_MOUSE",0,1,1,"OSTC_MOUSE","Q78XF5","Ostc"
"OSTF1_MOUSE","OSTF1_MOUSE",3,0,4,"OSTF1_MOUSE","Q62422","Ostf1"
"OTUB1_MOUSE","OTUB1_MOUSE",3,0,3,"OTUB1_MOUSE","Q7TQI3","Otub1"
"P4HA1_MOUSE","P4HA1_MOUSE",12,6,13,"P4HA1_MOUSE","Q60715","P4ha1"
"P4HA2_MOUSE","P4HA2_MOUSE",8,7,11,"P4HA2_MOUSE","Q60716","P4ha2"
"PA1B2_MOUSE","PA1B2_MOUSE",1,0,4,"PA1B2_MOUSE","Q61206","Pafah1b2"
"PA1B3_MOUSE","PA1B3_MOUSE",1,0,1,"PA1B3_MOUSE","Q61205","Pafah1b3"
"PA2G4_MOUSE","PA2G4_MOUSE",1,1,5,"PA2G4_MOUSE","P50580","Pa2g4"
"PABP1_MOUSE","PABP1_MOUSE",3,0,6,"PABP1_MOUSE","P29341","Pabpc1"
"PAIRB_MOUSE","PAIRB_MOUSE",1,0,2,"PAIRB_MOUSE","Q9CY58","Serbp1"
"PAK2_MOUSE","PAK2_MOUSE",5,0,9,"PAK2_MOUSE","Q8CIN4","Pak2"
"PCBP1_MOUSE","PCBP1_MOUSE",5,4,10,"PCBP1_MOUSE","P60335","Pcbp1"
"PCBP2_MOUSE","PCBP2_MOUSE",2,0,2,"PCBP2_MOUSE","Q61990","Pcbp2"
"PCBP3_MOUSE","PCBP3_MOUSE",2,0,2,"PCBP3_MOUSE","P57722","Pcbp3"
"PDC6I_MOUSE","PDC6I_MOUSE",8,7,15,"PDC6I_MOUSE","Q9WU78","Pdcd6ip"
"PDIA1_MOUSE","PDIA1_MOUSE",36,30,29,"PDIA1_MOUSE","P09103","P4hb"
"PDIA3_MOUSE","PDIA3_MOUSE",37,26,34,"PDIA3_MOUSE","P27773","Pdia3"
"PDIA4_MOUSE","PDIA4_MOUSE",24,26,18,"PDIA4_MOUSE","P08003","Pdia4"
"PDIA5_MOUSE","PDIA5_MOUSE",9,3,10,"PDIA5_MOUSE","Q921X9","Pdia5"
"PDIA6_MOUSE","PDIA6_MOUSE",23,12,21,"PDIA6_MOUSE","Q922R8","Pdia6"
"PDLI1_MOUSE","PDLI1_MOUSE",12,1,13,"PDLI1_MOUSE","O70400","Pdlim1"
"PDXD1_MOUSE","PDXD1_MOUSE",1,2,0,"PDXD1_MOUSE","Q99K01","Pdxdc1"
"PEG10_MOUSE","PEG10_MOUSE",12,10,14,"PEG10_MOUSE","Q7TN75","Peg10"
"PEPD_MOUSE","PEPD_MOUSE",3,2,7,"PEPD_MOUSE","Q11136","Pepd"
"PFKAP_MOUSE","PFKAP_MOUSE",15,10,20,"PFKAP_MOUSE","Q9WUA3","Pfkp"
"PGAM1_MOUSE","PGAM1_MOUSE",8,2,10,"PGAM1_MOUSE","Q9DBJ1","Pgam1"
"PGK1_MOUSE","PGK1_MOUSE",13,2,18,"PGK1_MOUSE","P09411","Pgk1"
"PGM1_MOUSE","PGM1_MOUSE",7,4,11,"PGM1_MOUSE","Q9D0F9","Pgm1"
"PGM2_MOUSE","PGM2_MOUSE",1,3,7,"PGM2_MOUSE","Q7TSV4","Pgm2"
"PLAC8_MOUSE","PLAC8_MOUSE",1,1,2,"PLAC8_MOUSE","Q9JI48","Plac8"
"PLAK_MOUSE","PLAK_MOUSE",1,7,3,"PLAK_MOUSE","Q02257","Jup"
"PLCH1_MOUSE","PLCH1_MOUSE",1,0,1,"PLCH1_MOUSE","Q4KWH5","Plch1"
"PLIN3_MOUSE","PLIN3_MOUSE",9,5,10,"PLIN3_MOUSE","Q9DBG5","Plin3"
"PLSL_MOUSE","PLSL_MOUSE",14,2,26,"PLSL_MOUSE","Q61233","Lcp1"
"PNPH_MOUSE","PNPH_MOUSE",4,0,7,"PNPH_MOUSE","P23492","Pnp"
"PP1A_MOUSE","PP1A_MOUSE",1,0,4,"PP1A_MOUSE","P62137","Ppp1ca"
"PP2AA_MOUSE","PP2AA_MOUSE",1,0,4,"PP2AA_MOUSE","P63330","Ppp2ca"
"PPCE_MOUSE","PPCE_MOUSE",7,3,20,"PPCE_MOUSE","Q9QUR6","Prep"
"PPIA_MOUSE","PPIA_MOUSE",8,3,8,"PPIA_MOUSE","P17742","Ppia"
"PPIB_MOUSE","PPIB_MOUSE",11,6,12,"PPIB_MOUSE","P24369","Ppib"
"PPIC_MOUSE","PPIC_MOUSE",1,0,1,"PPIC_MOUSE","P30412","Ppic"
"PR2B1_MOUSE","PR2B1_MOUSE",1,0,1,"PR2B1_MOUSE","Q9DAZ2","Prl2b1"
"PR2C5_MOUSE","PR2C5_MOUSE",1,1,1,"PR2C5_MOUSE","Q9JLV9","Prl2c5"
"PR3B1_MOUSE","PR3B1_MOUSE",3,0,5,"PR3B1_MOUSE","P09586","Prl3b1"
"PR7A2_MOUSE","PR7A2_MOUSE",6,3,5,"PR7A2_MOUSE","O54831","Prl7a2"
"PRDX1_MOUSE","PRDX1_MOUSE",7,6,12,"PRDX1_MOUSE","P35700","Prdx1"
"PRDX2_MOUSE","PRDX2_MOUSE",4,0,10,"PRDX2_MOUSE","Q61171","Prdx2"
"PRDX4_MOUSE","PRDX4_MOUSE",2,3,6,"PRDX4_MOUSE","O08807","Prdx4"
"PRDX5_MOUSE","PRDX5_MOUSE",1,0,1,"PRDX5_MOUSE","P99029","Prdx5"
"PRDX6_MOUSE","PRDX6_MOUSE",2,0,8,"PRDX6_MOUSE","O08709","Prdx6"
"PROF1_MOUSE","PROF1_MOUSE",5,4,8,"PROF1_MOUSE","P62962","Pfn1"
"PRS10_MOUSE","PRS10_MOUSE",2,0,7,"PRS10_MOUSE","P62334","Psmc6"
"PRS4_MOUSE","PRS4_MOUSE",3,0,5,"PRS4_MOUSE","P62192","Psmc1"
"PRS6A_MOUSE","PRS6A_MOUSE",6,1,9,"PRS6A_MOUSE","O88685","Psmc3"
"PRS6B_MOUSE","PRS6B_MOUSE",7,0,9,"PRS6B_MOUSE","P54775","Psmc4"
"PRS7_MOUSE","PRS7_MOUSE",5,0,9,"PRS7_MOUSE","P46471","Psmc2"
"PRS8_MOUSE","PRS8_MOUSE",4,0,8,"PRS8_MOUSE","P62196","Psmc5"
"PSA1_MOUSE","PSA1_MOUSE",3,0,6,"PSA1_MOUSE","Q9R1P4","Psma1"
"PSA2_MOUSE","PSA2_MOUSE",2,0,4,"PSA2_MOUSE","P49722","Psma2"
"PSA3_MOUSE","PSA3_MOUSE",2,1,2,"PSA3_MOUSE","O70435","Psma3"
"PSA4_MOUSE","PSA4_MOUSE",3,0,5,"PSA4_MOUSE","Q9R1P0","Psma4"
"PSA5_MOUSE","PSA5_MOUSE",3,0,8,"PSA5_MOUSE","Q9Z2U1","Psma5"
"PSA6_MOUSE","PSA6_MOUSE",4,1,6,"PSA6_MOUSE","Q9QUM9","Psma6"
"PSA7_MOUSE","PSA7_MOUSE",3,0,8,"PSA7_MOUSE","Q9Z2U0","Psma7"
"PSB1_MOUSE","PSB1_MOUSE",4,0,5,"PSB1_MOUSE","O09061","Psmb1"
"PSB2_MOUSE","PSB2_MOUSE",3,0,3,"PSB2_MOUSE","Q9R1P3","Psmb2"
"PSB3_MOUSE","PSB3_MOUSE",2,0,3,"PSB3_MOUSE","Q9R1P1","Psmb3"
"PSB4_MOUSE","PSB4_MOUSE",4,0,4,"PSB4_MOUSE","P99026","Psmb4"
"PSB5_MOUSE","PSB5_MOUSE",1,0,6,"PSB5_MOUSE","O55234","Psmb5"
"PSB6_MOUSE","PSB6_MOUSE",2,0,3,"PSB6_MOUSE","Q60692","Psmb6"
"PSD11_MOUSE","PSD11_MOUSE",5,0,8,"PSD11_MOUSE","Q8BG32","Psmd11"
"PSD12_MOUSE","PSD12_MOUSE",8,1,11,"PSD12_MOUSE","Q9D8W5","Psmd12"
"PSD13_MOUSE","PSD13_MOUSE",5,2,8,"PSD13_MOUSE","Q9WVJ2","Psmd13"
"PSDE_MOUSE","PSDE_MOUSE",5,0,5,"PSDE_MOUSE","O35593","Psmd14"
"PSG22_MOUSE","PSG22_MOUSE",3,2,3,"PSG22_MOUSE","Q810J1","Psg22"
"PSMD1_MOUSE","PSMD1_MOUSE",8,2,14,"PSMD1_MOUSE","Q3TXS7","Psmd1"
"PSMD2_MOUSE","PSMD2_MOUSE",10,7,12,"PSMD2_MOUSE","Q8VDM4","Psmd2"
"PSMD3_MOUSE","PSMD3_MOUSE",5,3,9,"PSMD3_MOUSE","P14685","Psmd3"
"PSMD4_MOUSE","PSMD4_MOUSE",4,0,3,"PSMD4_MOUSE","O35226","Psmd4"
"PSMD6_MOUSE","PSMD6_MOUSE",6,2,6,"PSMD6_MOUSE","Q99JI4","Psmd6"
"PSMD7_MOUSE","PSMD7_MOUSE",5,0,4,"PSMD7_MOUSE","P26516","Psmd7"
"PSMD8_MOUSE","PSMD8_MOUSE",2,0,3,"PSMD8_MOUSE","Q9CX56","Psmd8"
"PSME1_MOUSE","PSME1_MOUSE",1,0,3,"PSME1_MOUSE","P97371","Psme1"
"PSME2_MOUSE","PSME2_MOUSE",1,1,5,"PSME2_MOUSE","P97372","Psme2"
"PTMA_MOUSE","PTMA_MOUSE",1,0,1,"PTMA_MOUSE","P26350","Ptma"
"PUR9_MOUSE","PUR9_MOUSE",5,3,13,"PUR9_MOUSE","Q9CWJ9","Atic"
"PYR1_MOUSE","PYR1_MOUSE",2,4,1,"PYR1_MOUSE","B2RQC6","Cad"
"RAB18_MOUSE","RAB18_MOUSE",1,1,0,"RAB18_MOUSE","P35293","Rab18"
"RAB1B_MOUSE","RAB1B_MOUSE",4,0,5,"RAB1B_MOUSE","Q9D1G1","Rab1b"
"RAB2A_MOUSE","RAB2A_MOUSE",1,2,3,"RAB2A_MOUSE","P53994","Rab2a"
"RAC1_MOUSE","RAC1_MOUSE",2,1,5,"RAC1_MOUSE","P63001","Rac1"
"RAC3_MOUSE","RAC3_MOUSE",2,1,0,"RAC3_MOUSE","P60764","Rac3"
"RACK1_MOUSE","RACK1_MOUSE",5,0,14,"RACK1_MOUSE","P68040","Rack1"
"RADI_MOUSE","RADI_MOUSE",7,6,5,"RADI_MOUSE","P26043","Rdx"
"RALB_MOUSE","RALB_MOUSE",3,0,3,"RALB_MOUSE","Q9JIW9","Ralb"
"RAN_MOUSE","RAN_MOUSE",6,0,6,"RAN_MOUSE","P62827","Ran"
"RANG_MOUSE","RANG_MOUSE",3,0,5,"RANG_MOUSE","P34022","Ranbp1"
"RAP1B_MOUSE","RAP1B_MOUSE",3,0,4,"RAP1B_MOUSE","Q99JI6","Rap1b"
"RBX1_MOUSE","RBX1_MOUSE",1,0,1,"RBX1_MOUSE","P62878","Rbx1"
"RCN2_MOUSE","RCN2_MOUSE",1,0,3,"RCN2_MOUSE","Q8BP92","Rcn2"
"RD23B_MOUSE","RD23B_MOUSE",3,0,4,"RD23B_MOUSE","P54728","Rad23b"
"RER1_MOUSE","RER1_MOUSE",1,0,1,"RER1_MOUSE","Q9CQU3","Rer1"
"RHG01_MOUSE","RHG01_MOUSE",5,0,2,"RHG01_MOUSE","Q5FWK3","Arhgap1"
"RHOA_MOUSE","RHOA_MOUSE",6,5,8,"RHOA_MOUSE","Q9QUI0","Rhoa"
"RHOC_MOUSE","RHOC_MOUSE",6,0,8,"RHOC_MOUSE","Q62159","Rhoc"
"RINI_MOUSE","RINI_MOUSE",13,6,18,"RINI_MOUSE","Q91VI7","Rnh1"
"RL10_MOUSE","RL10_MOUSE",1,0,4,"RL10_MOUSE","Q6ZWV3","Rpl10"
"RL10A_MOUSE","RL10A_MOUSE",1,0,5,"RL10A_MOUSE","P53026","Rpl10a"
"RL11_MOUSE","RL11_MOUSE",2,1,3,"RL11_MOUSE","Q9CXW4","Rpl11"
"RL12_MOUSE","RL12_MOUSE",2,0,5,"RL12_MOUSE","P35979","Rpl12"
"RL13_MOUSE","RL13_MOUSE",2,0,3,"RL13_MOUSE","P47963","Rpl13"
"RL13A_MOUSE","RL13A_MOUSE",2,0,4,"RL13A_MOUSE","P19253","Rpl13a"
"RL14_MOUSE","RL14_MOUSE",2,0,3,"RL14_MOUSE","Q9CR57","Rpl14"
"RL15_MOUSE","RL15_MOUSE",2,1,4,"RL15_MOUSE","Q9CZM2","Rpl15"
"RL17_MOUSE","RL17_MOUSE",1,0,4,"RL17_MOUSE","Q9CPR4","Rpl17"
"RL18_MOUSE","RL18_MOUSE",2,0,2,"RL18_MOUSE","P35980","Rpl18"
"RL18A_MOUSE","RL18A_MOUSE",4,0,4,"RL18A_MOUSE","P62717","Rpl18a"
"RL19_MOUSE","RL19_MOUSE",1,1,1,"RL19_MOUSE","P84099","Rpl19"
"RL22L_MOUSE","RL22L_MOUSE",1,0,2,"RL22L_MOUSE","Q9D7S7","Rpl22l1"
"RL23_MOUSE","RL23_MOUSE",2,0,3,"RL23_MOUSE","P62830","Rpl23"
"RL23A_MOUSE","RL23A_MOUSE",1,0,3,"RL23A_MOUSE","P62751","Rpl23a"
"RL24_MOUSE","RL24_MOUSE",2,0,3,"RL24_MOUSE","Q8BP67","Rpl24"
"RL26_MOUSE","RL26_MOUSE",1,0,1,"RL26_MOUSE","P61255","Rpl26"
"RL27_MOUSE","RL27_MOUSE",3,0,3,"RL27_MOUSE","P61358","Rpl27"
"RL27A_MOUSE","RL27A_MOUSE",1,0,3,"RL27A_MOUSE","P14115","Rpl27a"
"RL28_MOUSE","RL28_MOUSE",1,0,1,"RL28_MOUSE","P41105","Rpl28"
"RL3_MOUSE","RL3_MOUSE",1,1,5,"RL3_MOUSE","P27659","Rpl3"
"RL30_MOUSE","RL30_MOUSE",3,0,2,"RL30_MOUSE","P62889","Rpl30"
"RL31_MOUSE","RL31_MOUSE",1,0,1,"RL31_MOUSE","P62900","Rpl31"
"RL37A_MOUSE","RL37A_MOUSE",1,0,1,"RL37A_MOUSE","P61514","Rpl37a"
"RL38_MOUSE","RL38_MOUSE",1,0,3,"RL38_MOUSE","Q9JJI8","Rpl38"
"RL4_MOUSE","RL4_MOUSE",5,4,11,"RL4_MOUSE","Q9D8E6","Rpl4"
"RL5_MOUSE","RL5_MOUSE",3,2,5,"RL5_MOUSE","P47962","Rpl5"
"RL6_MOUSE","RL6_MOUSE",4,3,5,"RL6_MOUSE","P47911","Rpl6"
"RL7_MOUSE","RL7_MOUSE",2,0,6,"RL7_MOUSE","P14148","Rpl7"
"RL7A_MOUSE","RL7A_MOUSE",4,1,7,"RL7A_MOUSE","P12970","Rpl7a"
"RL8_MOUSE","RL8_MOUSE",1,0,4,"RL8_MOUSE","P62918","Rpl8"
"RL9_MOUSE","RL9_MOUSE",4,1,4,"RL9_MOUSE","P51410","Rpl9"
"RLA0_MOUSE","RLA0_MOUSE",4,2,5,"RLA0_MOUSE","P14869","Rplp0"
"RLA1_MOUSE","RLA1_MOUSE",5,0,4,"RLA1_MOUSE","P47955","Rplp1"
"RLA2_MOUSE","RLA2_MOUSE",3,0,4,"RLA2_MOUSE","P99027","Rplp2"
"ROA3_MOUSE","ROA3_MOUSE",1,0,1,"ROA3_MOUSE","Q8BG05","Hnrnpa3"
"RPN1_MOUSE","RPN1_MOUSE",12,7,18,"RPN1_MOUSE","Q91YQ5","Rpn1"
"RPN2_MOUSE","RPN2_MOUSE",8,5,13,"RPN2_MOUSE","Q9DBG6","Rpn2"
"RRBP1_MOUSE","RRBP1_MOUSE",6,4,7,"RRBP1_MOUSE","Q99PL5","Rrbp1"
"RS10_MOUSE","RS10_MOUSE",3,0,5,"RS10_MOUSE","P63325","Rps10"
"RS11_MOUSE","RS11_MOUSE",2,0,2,"RS11_MOUSE","P62281","Rps11"
"RS12_MOUSE","RS12_MOUSE",2,1,4,"RS12_MOUSE","P63323","Rps12"
"RS13_MOUSE","RS13_MOUSE",4,0,4,"RS13_MOUSE","P62301","Rps13"
"RS14_MOUSE","RS14_MOUSE",3,0,3,"RS14_MOUSE","P62264","Rps14"
"RS15A_MOUSE","RS15A_MOUSE",3,1,6,"RS15A_MOUSE","P62245","Rps15a"
"RS16_MOUSE","RS16_MOUSE",3,0,3,"RS16_MOUSE","P14131","Rps16"
"RS17_MOUSE","RS17_MOUSE",3,0,4,"RS17_MOUSE","P63276","Rps17"
"RS18_MOUSE","RS18_MOUSE",1,0,3,"RS18_MOUSE","P62270","Rps18"
"RS19_MOUSE","RS19_MOUSE",1,0,2,"RS19_MOUSE","Q9CZX8","Rps19"
"RS2_MOUSE","RS2_MOUSE",4,0,8,"RS2_MOUSE","P25444","Rps2"
"RS20_MOUSE","RS20_MOUSE",3,0,3,"RS20_MOUSE","P60867","Rps20"
"RS23_MOUSE","RS23_MOUSE",2,0,3,"RS23_MOUSE","P62267","Rps23"
"RS24_MOUSE","RS24_MOUSE",1,0,4,"RS24_MOUSE","P62849","Rps24"
"RS25_MOUSE","RS25_MOUSE",1,0,3,"RS25_MOUSE","P62852","Rps25"
"RS26_MOUSE","RS26_MOUSE",1,0,1,"RS26_MOUSE","P62855","Rps26"
"RS27L_MOUSE","RS27L_MOUSE",2,1,2,"RS27L_MOUSE","Q6ZWY3","Rps27l"
"RS3_MOUSE","RS3_MOUSE",7,4,10,"RS3_MOUSE","P62908","Rps3"
"RS30_MOUSE","RS30_MOUSE",1,0,1,"RS30_MOUSE","P62862","Fau"
"RS4X_MOUSE","RS4X_MOUSE",7,0,7,"RS4X_MOUSE","P62702","Rps4x"
"RS5_MOUSE","RS5_MOUSE",2,2,4,"RS5_MOUSE","P97461","Rps5"
"RS6_MOUSE","RS6_MOUSE",3,1,3,"RS6_MOUSE","P62754","Rps6"
"RS7_MOUSE","RS7_MOUSE",3,0,5,"RS7_MOUSE","P62082","Rps7"
"RS8_MOUSE","RS8_MOUSE",6,4,5,"RS8_MOUSE","P62242","Rps8"
"RS9_MOUSE","RS9_MOUSE",2,0,4,"RS9_MOUSE","Q6ZWN5","Rps9"
"RSSA_MOUSE","RSSA_MOUSE",8,1,13,"RSSA_MOUSE","P14206","Rpsa"
"S10A6_MOUSE","S10A6_MOUSE",6,4,3,"S10A6_MOUSE","P14069","S100a6"
"S10AB_MOUSE","S10AB_MOUSE",4,0,3,"S10AB_MOUSE","P50543","S100a11"
"S61A1_MOUSE","S61A1_MOUSE",2,0,2,"S61A1_MOUSE","P61620","Sec61a1"
"SC11A_MOUSE","SC11A_MOUSE",1,0,1,"SC11A_MOUSE","Q9R0P6","Sec11a"
"SC22B_MOUSE","SC22B_MOUSE",2,0,6,"SC22B_MOUSE","O08547","Sec22b"
"SC23B_MOUSE","SC23B_MOUSE",3,0,3,"SC23B_MOUSE","Q9D662","Sec23b"
"SC31A_MOUSE","SC31A_MOUSE",8,3,5,"SC31A_MOUSE","Q3UPL0","Sec31a"
"SC61G_MOUSE","SC61G_MOUSE",1,0,1,"SC61G_MOUSE","P60060","Sec61g"
"SDF2L_MOUSE","SDF2L_MOUSE",5,0,6,"SDF2L_MOUSE","Q9ESP1","Sdf2l1"
"SEC13_MOUSE","SEC13_MOUSE",2,0,2,"SEC13_MOUSE","Q9D1M0","Sec13"
"SEP11_MOUSE","SEP11_MOUSE",3,0,3,"SEP11_MOUSE","Q8C1B7","Septin11"
"SEPT2_MOUSE","SEPT2_MOUSE",5,2,6,"SEPT2_MOUSE","P42208","Septin2"
"SEPT6_MOUSE","SEPT6_MOUSE",0,2,1,"SEPT6_MOUSE","Q9R1T4","Septin6"
"SEPT7_MOUSE","SEPT7_MOUSE",4,0,2,"SEPT7_MOUSE","O55131","Septin7"
"SEPT9_MOUSE","SEPT9_MOUSE",2,1,5,"SEPT9_MOUSE","Q80UG5","Septin9"
"SERPH_MOUSE","SERPH_MOUSE",23,14,22,"SERPH_MOUSE","P19324","Serpinh1"
"SGT1_MOUSE","SGT1_MOUSE",1,0,1,"SGT1_MOUSE","Q9CX34","Sugt1"
"SGTA_MOUSE","SGTA_MOUSE",1,0,2,"SGTA_MOUSE","Q8BJU0","Sgta"
"SIAS_MOUSE","SIAS_MOUSE",3,0,6,"SIAS_MOUSE","Q99J77","Nans"
"SNAA_MOUSE","SNAA_MOUSE",1,0,10,"SNAA_MOUSE","Q9DB05","Napa"
"SND1_MOUSE","SND1_MOUSE",6,4,17,"SND1_MOUSE","Q78PY7","Snd1"
"SODC_MOUSE","SODC_MOUSE",1,0,4,"SODC_MOUSE","P08228","Sod1"
"SORCN_MOUSE","SORCN_MOUSE",5,3,5,"SORCN_MOUSE","Q6P069","Sri"
"SPCS1_MOUSE","SPCS1_MOUSE",1,0,2,"SPCS1_MOUSE","Q9D958","Spcs1"
"SPEE_MOUSE","SPEE_MOUSE",1,0,4,"SPEE_MOUSE","Q64674","Srm"
"SRC8_MOUSE","SRC8_MOUSE",0,2,2,"SRC8_MOUSE","Q60598","Cttn"
"SRP68_MOUSE","SRP68_MOUSE",2,1,0,"SRP68_MOUSE","Q8BMA6","Srp68"
"SRPRB_MOUSE","SRPRB_MOUSE",2,2,4,"SRPRB_MOUSE","P47758","Srprb"
"SSRA_MOUSE","SSRA_MOUSE",2,0,3,"SSRA_MOUSE","Q9CY50","Ssr1"
"SSRD_MOUSE","SSRD_MOUSE",2,1,3,"SSRD_MOUSE","Q62186","Ssr4"
"SSRG_MOUSE","SSRG_MOUSE",1,0,1,"SSRG_MOUSE","Q9DCF9","Ssr3"
"STIP1_MOUSE","STIP1_MOUSE",9,2,13,"STIP1_MOUSE","Q60864","Stip1"
"STK24_MOUSE","STK24_MOUSE",1,0,1,"STK24_MOUSE","Q99KH8","Stk24"
"STT3A_MOUSE","STT3A_MOUSE",2,0,4,"STT3A_MOUSE","P46978","Stt3a"
"SURF4_MOUSE","SURF4_MOUSE",3,1,3,"SURF4_MOUSE","Q64310","Surf4"
"SYMC_MOUSE","SYMC_MOUSE",1,2,3,"SYMC_MOUSE","Q68FL6","Mars1"
"TAGL2_MOUSE","TAGL2_MOUSE",9,3,10,"TAGL2_MOUSE","Q9WVA4","Tagln2"
"TBA1A_MOUSE","TBA1A_MOUSE",16,16,19,"TBA1A_MOUSE","P68369","Tuba1a"
"TBA1B_MOUSE","TBA1B_MOUSE",16,17,19,"TBA1B_MOUSE","P05213","Tuba1b"
"TBA1C_MOUSE","TBA1C_MOUSE",15,15,19,"TBA1C_MOUSE","P68373","Tuba1c"
"TBB4B_MOUSE","TBB4B_MOUSE",21,0,25,"TBB4B_MOUSE","P68372","Tubb4b"
"TBB5_MOUSE","TBB5_MOUSE",23,20,25,"TBB5_MOUSE","P99024","Tubb5"
"TBC15_MOUSE","TBC15_MOUSE",2,2,1,"TBC15_MOUSE","Q9CXF4","Tbc1d15"
"TCPA_MOUSE","TCPA_MOUSE",15,15,18,"TCPA_MOUSE","P11983","Tcp1"
"TCPB_MOUSE","TCPB_MOUSE",18,10,25,"TCPB_MOUSE","P80314","Cct2"
"TCPD_MOUSE","TCPD_MOUSE",13,10,19,"TCPD_MOUSE","P80315","Cct4"
"TCPE_MOUSE","TCPE_MOUSE",11,12,18,"TCPE_MOUSE","P80316","Cct5"
"TCPG_MOUSE","TCPG_MOUSE",17,12,21,"TCPG_MOUSE","P80318","Cct3"
"TCPH_MOUSE","TCPH_MOUSE",12,9,18,"TCPH_MOUSE","P80313","Cct7"
"TCPQ_MOUSE","TCPQ_MOUSE",15,13,26,"TCPQ_MOUSE","P42932","Cct8"
"TCPZ_MOUSE","TCPZ_MOUSE",11,8,16,"TCPZ_MOUSE","P80317","Cct6a"
"TCTP_MOUSE","TCTP_MOUSE",4,0,4,"TCTP_MOUSE","P63028","Tpt1"
"TEBP_MOUSE","TEBP_MOUSE",4,0,4,"TEBP_MOUSE","Q9R0Q7","Ptges3"
"TERA_MOUSE","TERA_MOUSE",32,40,42,"TERA_MOUSE","Q01853","Vcp"
"TGM2_MOUSE","TGM2_MOUSE",18,14,20,"TGM2_MOUSE","P21981","Tgm2"
"THIKA_MOUSE","THIKA_MOUSE",1,0,1,"THIKA_MOUSE","Q921H8","Acaa1a"
"TKFC_MOUSE","TKFC_MOUSE",2,0,1,"TKFC_MOUSE","Q8VC30","Tkfc"
"TKT_MOUSE","TKT_MOUSE",4,3,6,"TKT_MOUSE","P40142","Tkt"
"TLN1_MOUSE","TLN1_MOUSE",48,59,68,"TLN1_MOUSE","P26039","Tln1"
"TMED2_MOUSE","TMED2_MOUSE",3,0,4,"TMED2_MOUSE","Q9R0Q3","Tmed2"
"TMED9_MOUSE","TMED9_MOUSE",4,0,6,"TMED9_MOUSE","Q99KF1","Tmed9"
"TMEDA_MOUSE","TMEDA_MOUSE",4,0,4,"TMEDA_MOUSE","Q9D1D4","Tmed10"
"TNPO1_MOUSE","TNPO1_MOUSE",0,1,3,"TNPO1_MOUSE","Q8BFY9","Tnpo1"
"TNR9_MOUSE","TNR9_MOUSE",2,0,2,"TNR9_MOUSE","P20334","Tnfrsf9"
"TPIS_MOUSE","TPIS_MOUSE",6,2,12,"TPIS_MOUSE","P17751","Tpi1"
"TPM4_MOUSE","TPM4_MOUSE",2,1,5,"TPM4_MOUSE","Q6IRU2","Tpm4"
"TPP2_MOUSE","TPP2_MOUSE",5,3,17,"TPP2_MOUSE","Q64514","Tpp2"
"TSP_MOUSE","TSP_MOUSE",1,0,2,"TSP_MOUSE","P13438","Tpbpa"
"TXND5_MOUSE","TXND5_MOUSE",9,0,12,"TXND5_MOUSE","Q91W90","Txndc5"
"TXNL1_MOUSE","TXNL1_MOUSE",7,0,10,"TXNL1_MOUSE","Q8CDN6","Txnl1"
"TYB10_MOUSE","TYB10_MOUSE",1,2,1,"TYB10_MOUSE","Q6ZWY8","Tmsb10"
"UB2L3_MOUSE","UB2L3_MOUSE",3,0,3,"UB2L3_MOUSE","P68037","Ube2l3"
"UBA1_MOUSE","UBA1_MOUSE",13,15,20,"UBA1_MOUSE","Q02053","Uba1"
"UBA5_MOUSE","UBA5_MOUSE",3,4,4,"UBA5_MOUSE","Q8VE47","Uba5"
"UBA6_MOUSE","UBA6_MOUSE",4,0,10,"UBA6_MOUSE","Q8C7R4","Uba6"
"UBE2K_MOUSE","UBE2K_MOUSE",3,0,4,"UBE2K_MOUSE","P61087","Ube2k"
"UBE2N_MOUSE","UBE2N_MOUSE",2,0,4,"UBE2N_MOUSE","P61089","Ube2n"
"UBE2O_MOUSE","UBE2O_MOUSE",11,10,23,"UBE2O_MOUSE","Q6ZPJ3","Ube2o"
"UBFD1_MOUSE","UBFD1_MOUSE",2,0,1,"UBFD1_MOUSE","Q78JW9","Ubfd1"
"UBP14_MOUSE","UBP14_MOUSE",1,0,5,"UBP14_MOUSE","Q9JMA1","Usp14"
"UBP5_MOUSE","UBP5_MOUSE",2,7,8,"UBP5_MOUSE","P56399","Usp5"
"UBQL1_MOUSE","UBQL1_MOUSE",1,0,1,"UBQL1_MOUSE","Q8R317","Ubqln1"
"UBR4_MOUSE","UBR4_MOUSE",5,2,5,"UBR4_MOUSE","A2AN08","Ubr4"
"UBXN1_MOUSE","UBXN1_MOUSE",3,1,0,"UBXN1_MOUSE","Q922Y1","Ubxn1"
"UCHL3_MOUSE","UCHL3_MOUSE",1,0,1,"UCHL3_MOUSE","Q9JKB1","Uchl3"
"UCHL4_MOUSE","UCHL4_MOUSE",1,0,1,"UCHL4_MOUSE","P58321","Uchl4"
"UFM1_MOUSE","UFM1_MOUSE",1,0,3,"UFM1_MOUSE","P61961","Ufm1"
"UGDH_MOUSE","UGDH_MOUSE",1,0,5,"UGDH_MOUSE","O70475","Ugdh"
"UGGG1_MOUSE","UGGG1_MOUSE",38,27,31,"UGGG1_MOUSE","Q6P5E4","Uggt1"
"UGPA_MOUSE","UGPA_MOUSE",12,8,10,"UGPA_MOUSE","Q91ZJ5","Ugp2"
"UPP1_MOUSE","UPP1_MOUSE",3,0,7,"UPP1_MOUSE","P52624","Upp1"
"USO1_MOUSE","USO1_MOUSE",16,9,12,"USO1_MOUSE","Q9Z1Z0","Uso1"
"USP9X_MOUSE","USP9X_MOUSE",10,4,27,"USP9X_MOUSE","P70398","Usp9x"
"VAPA_MOUSE","VAPA_MOUSE",4,0,6,"VAPA_MOUSE","Q9WV55","Vapa"
"VAT1_MOUSE","VAT1_MOUSE",2,0,2,"VAT1_MOUSE","Q62465","Vat1"
"VATA_MOUSE","VATA_MOUSE",2,0,5,"VATA_MOUSE","P50516","Atp6v1a"
"VATB2_MOUSE","VATB2_MOUSE",1,0,1,"VATB2_MOUSE","P62814","Atp6v1b2"
"VDAC1_MOUSE","VDAC1_MOUSE",2,0,9,"VDAC1_MOUSE","Q60932","Vdac1"
"VDAC2_MOUSE","VDAC2_MOUSE",2,0,3,"VDAC2_MOUSE","Q60930","Vdac2"
"VGFR1_MOUSE","VGFR1_MOUSE",1,2,2,"VGFR1_MOUSE","P35969","Flt1"
"VIGLN_MOUSE","VIGLN_MOUSE",7,9,8,"VIGLN_MOUSE","Q8VDJ3","Hdlbp"
"VINC_MOUSE","VINC_MOUSE",11,8,19,"VINC_MOUSE","Q64727","Vcl"
"VPS35_MOUSE","VPS35_MOUSE",0,1,2,"VPS35_MOUSE","Q9EQH3","Vps35"
"VTA1_MOUSE","VTA1_MOUSE",2,0,1,"VTA1_MOUSE","Q9CR26","Vta1"
"WDR1_MOUSE","WDR1_MOUSE",10,4,19,"WDR1_MOUSE","O88342","Wdr1"
"WNK1_MOUSE","WNK1_MOUSE",1,1,1,"WNK1_MOUSE","P83741","Wnk1"
"WNK3_MOUSE","WNK3_MOUSE",0,1,1,"WNK3_MOUSE","Q80XP9","Wnk3"
"XDH_MOUSE","XDH_MOUSE",1,1,3,"XDH_MOUSE","Q00519","Xdh"
"XPO1_MOUSE","XPO1_MOUSE",1,2,11,"XPO1_MOUSE","Q6P5F9","Xpo1"
"XPO2_MOUSE","XPO2_MOUSE",10,6,14,"XPO2_MOUSE","Q9ERK4","Cse1l"
"XPP1_MOUSE","XPP1_MOUSE",1,0,5,"XPP1_MOUSE","Q6P1B1","Xpnpep1"
"ZWINT_MOUSE","ZWINT_MOUSE",2,0,2,"ZWINT_MOUSE","Q9CQU5","Zwint"
